<?xml version="1.0" encoding="utf-8" standalone="no" ?>
<placeable>
    <storeData>
        <name>$l10n_GC_shopItem_baler</name>
        <functions>
            <function>$l10n_GC_function_baler</function>
        </functions>
        <specs>
            <capacity>100000</capacity>
            <fillTypes>straw dryGrass_windrow grass_windrow</fillTypes>
        </specs>
        <image>store_baler.dds</image>
        <price>110000</price>
        <lifetime>1000</lifetime>
        <dailyUpkeep>45</dailyUpkeep>
        <rotation>0</rotation>
        <brand>GCPLACEABLE</brand>
        <species>placeable</species>
        <category>silos</category>
        <vertexBufferMemoryUsage>180404</vertexBufferMemoryUsage>
        <indexBufferMemoryUsage>32964</indexBufferMemoryUsage>
        <textureMemoryUsage>5680200</textureMemoryUsage>
        <instanceVertexBufferMemoryUsage>0</instanceVertexBufferMemoryUsage>
        <instanceIndexBufferMemoryUsage>0</instanceIndexBufferMemoryUsage>
    </storeData>

    <placeableType>GC_BalerPlaceable</placeableType>
    <filename>baler.i3d</filename>
    <placement testSizeX="5" testSizeZ="5.5" sizeX="7" sizeZ="7.5" useRandomYRotation="false" useManualYRotation="true" />

	<leveling requireLeveling="true" maxSmoothDistance="5" maxSlope="30" maxEdgeAngle="20" >
        <levelAreas>
            <levelArea startNode="2" widthNode="2|0" heightNode="2|1" groundType="asphalt"/>
        </levelAreas>
    </leveling>
	
    <globalCompany>
        <balers>
            <baler indexName="" >          
            

                <playerTrigger playerTriggerNode="playerTrigger" />
                
                <i3dMappings>
                
                </i3dMappings>	
            </baler>
        </balers>		
    </globalCompany>
    
</placeable>
